prompt,generated_text
"<MOOD=happy> <DECADE=1980s>
","<MOOD=happy> <DECADE=1980s>
theres been a long day and now i want to show you that weve got the right things here but im tired of being alone so let me tell ya about how much love your body makes for an interesting thing with all my friends on earth who are just as successful at it this time in our"
"<MOOD=sad> <DECADE=1990s>
","<MOOD=sad> <DECADE=1990s>
i came to love my mom but i cant take it away from you and now this is what a sweet day we were all used for the dream come true that she told me how beautiful our hearts are so filled with joys like happiness when her heart breaks down your tears cause why can't they be"
"<MOOD=reflective> <DECADE=1970s>
","<MOOD=reflective> <DECADE=1970s>
bam i was really lost in the music of a million years ago now im just going mad at you all for what they say and why didnt we do it again with its your turn to make my way outta town tonight looking around id dont see that long till after this songyou can dance like"
"<MOOD=confident> <DECADE=2000s>
","<MOOD=confident> <DECADE=2000s>
i got the feeling that i was in denial because of how you and my family have been together for over a century now im on so bad its just going to get better every time your face comes up at me cause they always say it hurts but when someone tells them thats why noone is thereand"
